[
  {
    "value": "I",
    "synonyms": [
      "I",
      "Investor"
    ]
  },
  {
    "value": "IO",
    "synonyms": [
      "IO",
      "Interest Only",
      "Interestonly"
    ]
  },
  {
    "value": "LVR",
    "synonyms": [
      "LVR",
      "Loan Value Ratio",
      "Loan to Value Ratio",
      "loantovalueratio",
      "loanvalueratio"
    ]
  },
  {
    "value": "OO",
    "synonyms": [
      "OO",
      "Owner Occupier",
      "Owneroccupier"
    ]
  },
  {
    "value": "PI",
    "synonyms": [
      "P\u0026I",
      "PI",
      "Principal Interest",
      "Principal and Interest",
      "principalandinterest",
      "principalinterest"
    ]
  }
]