[
  {
    "value": "AMP Bank",
    "synonyms": [
      "AMP",
      "AMP Bank",
      "AMP Bank Ltd",
      "AMP Limited",
      "Australian Mutual Provident Society"
    ]
  },
  {
    "value": "ANZ Bank",
    "synonyms": [
      "ANZ",
      "ANZ Bank",
      "Australian New Zealand Bank"
    ]
  },
  {
    "value": "Bankwest",
    "synonyms": [
      "Bank west",
      "BankWest",
      "Bankwest"
    ]
  },
  {
    "value": "Bendigo Bank",
    "synonyms": [
      "Bendigo",
      "Bendigo Bank",
      "Bendigo and Adelaide Bank"
    ]
  },
  {
    "value": "CommBank",
    "synonyms": [
      "CBA",
      "CommBank",
      "Commonwealth",
      "Commonwealth Bank"
    ]
  },
  {
    "value": "Macquarie Bank",
    "synonyms": [
      "Macquarie",
      "Macquarie Bank"
    ]
  },
  {
    "value": "NAB",
    "synonyms": [
      "NAB",
      "National Australia Bank"
    ]
  },
  {
    "value": "St. George Bank",
    "synonyms": [
      "Saint George",
      "St George",
      "St. George",
      "St. George Bank"
    ]
  },
  {
    "value": "Suncorp Bank",
    "synonyms": [
      "Suncorp",
      "Suncorp Bank"
    ]
  },
  {
    "value": "Westpac",
    "synonyms": [
      "Westpac",
      "Westpac Bank"
    ]
  }
]