[
  {
    "value": "-",
    "synonyms": [
      "-",
      "Constant",
      "Constant rate",
      "Fix",
      "Fixed",
      "Fixed Rate",
      "Fxied",
      "vairable",
      "variable rate",
      "variablerate"
    ]
  },
  {
    "value": "1",
    "synonyms": [
      "1",
      "1 year",
      "1 year fixed",
      "one",
      "one year",
      "one year fixed"
    ]
  },
  {
    "value": "2",
    "synonyms": [
      "2",
      "2 years",
      "2 years fixed",
      "two",
      "two years",
      "two years fixed"
    ]
  },
  {
    "value": "3",
    "synonyms": [
      "3",
      "3 years",
      "3 years fixed",
      "three",
      "three years",
      "three years fixed"
    ]
  },
  {
    "value": "4",
    "synonyms": [
      "4",
      "4 years",
      "4 years fixed",
      "four",
      "four years",
      "four years fixed"
    ]
  },
  {
    "value": "5",
    "synonyms": [
      "5",
      "5 years",
      "5 years fixed",
      "five",
      "five years",
      "five years fixed"
    ]
  },
  {
    "value": "6",
    "synonyms": [
      "6",
      "6 years",
      "6 years fixed",
      "six",
      "six years",
      "six years fixed"
    ]
  },
  {
    "value": "7",
    "synonyms": [
      "7",
      "7 years",
      "7 years fixed",
      "seven",
      "seven years",
      "seven years fixed"
    ]
  }
]