[
  {
    "id": "4dd42396-908e-4772-878a-d6c2da8e4b29",
    "data": [
      {
        "text": "Best ",
        "userDefined": false
      },
      {
        "text": "variable rate",
        "alias": "year_fixed",
        "meta": "@year_fixed",
        "userDefined": false
      },
      {
        "text": " ",
        "userDefined": false
      },
      {
        "text": "PI",
        "alias": "Abv_description",
        "meta": "@Abv_description",
        "userDefined": false
      },
      {
        "text": " for ",
        "userDefined": false
      },
      {
        "text": "investment",
        "alias": "ownership_status",
        "meta": "@ownership_status",
        "userDefined": false
      }
    ],
    "isTemplate": false,
    "count": 0,
    "updated": 0
  },
  {
    "id": "2f346403-6c1f-4c5c-b4e3-4d3e1de100a0",
    "data": [
      {
        "text": "Can you show me the ",
        "userDefined": false
      },
      {
        "text": "variable rate",
        "alias": "year_fixed",
        "meta": "@year_fixed",
        "userDefined": false
      },
      {
        "text": " ",
        "userDefined": false
      },
      {
        "text": "PI",
        "alias": "Abv_description",
        "meta": "@Abv_description",
        "userDefined": false
      },
      {
        "text": " best program?",
        "userDefined": false
      }
    ],
    "isTemplate": false,
    "count": 0,
    "updated": 0
  },
  {
    "id": "a2287201-d9db-4274-a90d-bd1e88c6cb44",
    "data": [
      {
        "text": "Can you tell me the best rate for ",
        "userDefined": false
      },
      {
        "text": "5 years fixed",
        "alias": "year_fixed",
        "meta": "@year_fixed",
        "userDefined": true
      },
      {
        "text": " rate?",
        "userDefined": false
      }
    ],
    "isTemplate": false,
    "count": 0,
    "updated": 0
  },
  {
    "id": "b9e56ab4-28d3-4b83-bb3f-d0ff0a4d59c5",
    "data": [
      {
        "text": "What is the best program for ",
        "userDefined": false
      },
      {
        "text": "variable rate",
        "alias": "year_fixed",
        "meta": "@year_fixed",
        "userDefined": false
      },
      {
        "text": "?",
        "userDefined": false
      }
    ],
    "isTemplate": false,
    "count": 0,
    "updated": 0
  },
  {
    "id": "7de22091-1e7d-42de-9541-625421de72d6",
    "data": [
      {
        "text": "Which best rate for ",
        "userDefined": false
      },
      {
        "text": "5 years fixed",
        "alias": "year_fixed",
        "meta": "@year_fixed",
        "userDefined": true
      },
      {
        "text": " rate?",
        "userDefined": false
      }
    ],
    "isTemplate": false,
    "count": 0,
    "updated": 0
  },
  {
    "id": "5e416ea1-ea8d-4422-ac15-bb8c31f9e707",
    "data": [
      {
        "text": "Best rate for ",
        "userDefined": false
      },
      {
        "text": "Westpac",
        "alias": "Australian_Banks",
        "meta": "@Australian_Banks",
        "userDefined": false
      },
      {
        "text": " in ",
        "userDefined": false
      },
      {
        "text": "-",
        "alias": "year_fixed",
        "meta": "@year_fixed",
        "userDefined": false
      },
      {
        "text": " years.",
        "userDefined": false
      }
    ],
    "isTemplate": false,
    "count": 0,
    "updated": 0
  },
  {
    "id": "4a1f2068-4f45-4167-96ae-e712a5028863",
    "data": [
      {
        "text": "Best ",
        "userDefined": false
      },
      {
        "text": "NAB",
        "alias": "Australian_Banks",
        "meta": "@Australian_Banks",
        "userDefined": false
      },
      {
        "text": " loan for min of ",
        "userDefined": false
      },
      {
        "text": "1,000,000",
        "alias": "loan_amount",
        "meta": "@sys.number",
        "userDefined": false
      }
    ],
    "isTemplate": false,
    "count": 0,
    "updated": 0
  },
  {
    "id": "85fcc659-e50b-4d54-98c8-46466785b9a7",
    "data": [
      {
        "text": "The best rate for a loan amount of ",
        "userDefined": false
      },
      {
        "text": "40,000",
        "alias": "loan_amount",
        "meta": "@sys.number",
        "userDefined": false
      },
      {
        "text": "?",
        "userDefined": false
      }
    ],
    "isTemplate": false,
    "count": 0,
    "updated": 0
  },
  {
    "id": "f8d98e77-1c37-47c5-80b7-1d61a854c500",
    "data": [
      {
        "text": "As a future ",
        "userDefined": false
      },
      {
        "text": "homeowner",
        "alias": "ownership_status",
        "meta": "@ownership_status",
        "userDefined": true
      },
      {
        "text": " who wants to loan ",
        "userDefined": false
      },
      {
        "text": "40k",
        "alias": "loan_amount",
        "meta": "@sys.number",
        "userDefined": true
      },
      {
        "text": ", which program suits me best?",
        "userDefined": false
      }
    ],
    "isTemplate": false,
    "count": 0,
    "updated": 0
  },
  {
    "id": "2deb77d1-c779-4da1-ac41-f07e688ba520",
    "data": [
      {
        "text": "I want to ",
        "userDefined": false
      },
      {
        "text": "invest",
        "alias": "ownership_status",
        "meta": "@ownership_status",
        "userDefined": false
      },
      {
        "text": " in a house, which ",
        "userDefined": false
      },
      {
        "text": "ANZ",
        "alias": "Australian_Banks",
        "meta": "@Australian_Banks",
        "userDefined": false
      },
      {
        "text": " program suits me the best?",
        "userDefined": false
      }
    ],
    "isTemplate": false,
    "count": 0,
    "updated": 0
  },
  {
    "id": "baca1940-4963-488e-ba71-c0a31c4e6ca3",
    "data": [
      {
        "text": "Which ",
        "userDefined": false
      },
      {
        "text": "PI",
        "alias": "Mortgage_types",
        "meta": "@Mortgage_types",
        "userDefined": false
      },
      {
        "text": " program is the best for ",
        "userDefined": false
      },
      {
        "text": "investing",
        "alias": "ownership_status",
        "meta": "@ownership_status",
        "userDefined": false
      },
      {
        "text": "?",
        "userDefined": false
      }
    ],
    "isTemplate": false,
    "count": 0,
    "updated": 0
  },
  {
    "id": "2f296ca0-cd1f-4e0b-98e8-69a7af5f69d4",
    "data": [
      {
        "text": "For an ",
        "userDefined": false
      },
      {
        "text": "Interest Only",
        "alias": "Mortgage_types",
        "meta": "@Mortgage_types",
        "userDefined": false
      },
      {
        "text": " program and fixed year rate of ",
        "userDefined": false
      },
      {
        "text": "3",
        "alias": "year_fixed",
        "meta": "@year_fixed",
        "userDefined": false
      },
      {
        "text": ", what is the best rate I can get?",
        "userDefined": false
      }
    ],
    "isTemplate": false,
    "count": 0,
    "updated": 0
  },
  {
    "id": "014cb00f-092e-4d45-a102-f394153be628",
    "data": [
      {
        "text": "If I become an ",
        "userDefined": false
      },
      {
        "text": "owner occupier",
        "alias": "ownership_status",
        "meta": "@ownership_status",
        "userDefined": false
      },
      {
        "text": ", which bank can give me the best rate?",
        "userDefined": false
      }
    ],
    "isTemplate": false,
    "count": 0,
    "updated": 0
  },
  {
    "id": "f8aee392-b064-4289-ae19-6fe0612c47e3",
    "data": [
      {
        "text": "Please tell me the best rate if I want to apply to become an ",
        "userDefined": false
      },
      {
        "text": "investor",
        "alias": "ownership_status",
        "meta": "@ownership_status",
        "userDefined": false
      },
      {
        "text": " in home loan program",
        "userDefined": false
      }
    ],
    "isTemplate": false,
    "count": 0,
    "updated": 0
  },
  {
    "id": "33c983f4-8acc-4639-95ab-bbbbf4a80770",
    "data": [
      {
        "text": "What is the best rate I can get if I want to apply for the home loan ",
        "userDefined": false
      },
      {
        "text": "ownership",
        "alias": "ownership_status",
        "meta": "@ownership_status",
        "userDefined": true
      },
      {
        "text": " program",
        "userDefined": false
      }
    ],
    "isTemplate": false,
    "count": 0,
    "updated": 0
  },
  {
    "id": "cfaf704b-3099-4220-890e-060911199830",
    "data": [
      {
        "text": "If I want to be an ",
        "userDefined": false
      },
      {
        "text": "Investor",
        "alias": "ownership_status",
        "meta": "@ownership_status",
        "userDefined": true
      },
      {
        "text": ", tell me the best rate I can get?",
        "userDefined": false
      }
    ],
    "isTemplate": false,
    "count": 0,
    "updated": 0
  },
  {
    "id": "f178df58-5cc4-4348-af30-b5b693c05325",
    "data": [
      {
        "text": "Best rate for ",
        "userDefined": false
      },
      {
        "text": "ANZ",
        "alias": "Australian_Banks",
        "meta": "@Australian_Banks",
        "userDefined": false
      },
      {
        "text": " for ",
        "userDefined": false
      },
      {
        "text": "-",
        "alias": "year_fixed",
        "meta": "@year_fixed",
        "userDefined": true
      },
      {
        "text": " year?",
        "userDefined": false
      }
    ],
    "isTemplate": false,
    "count": 0,
    "updated": 0
  },
  {
    "id": "45a2bf9f-c71c-4f02-b32e-d38e4d6f74ec",
    "data": [
      {
        "text": "Suncorp bank",
        "alias": "Australian_Banks",
        "meta": "@Australian_Banks",
        "userDefined": false
      },
      {
        "text": " program with the smallest interest rate",
        "userDefined": false
      }
    ],
    "isTemplate": false,
    "count": 0,
    "updated": 0
  },
  {
    "id": "3fa10adc-b361-4f55-9221-13f667878a17",
    "data": [
      {
        "text": "Which bank has the best rate for loan amount ",
        "userDefined": false
      },
      {
        "text": "40000?",
        "alias": "loan_amount",
        "meta": "@sys.number",
        "userDefined": true
      }
    ],
    "isTemplate": false,
    "count": 0,
    "updated": 0
  },
  {
    "id": "7f9f26f7-842b-4822-9d57-43fd71245f5b",
    "data": [
      {
        "text": "What is the current top ",
        "userDefined": false
      },
      {
        "text": "rate",
        "meta": "@sys.ignore",
        "userDefined": false
      },
      {
        "text": " you can give me for the ",
        "userDefined": false
      },
      {
        "text": "PI",
        "alias": "Mortgage_types",
        "meta": "@Mortgage_types",
        "userDefined": false
      },
      {
        "text": " program of ",
        "userDefined": false
      },
      {
        "text": "1",
        "alias": "year_fixed",
        "meta": "@year_fixed",
        "userDefined": false
      },
      {
        "text": " fixed year?",
        "userDefined": false
      }
    ],
    "isTemplate": false,
    "count": 0,
    "updated": 0
  },
  {
    "id": "c39c95fd-43f0-408d-a51c-f3d67ae4029d",
    "data": [
      {
        "text": "Best rate for ",
        "userDefined": false
      },
      {
        "text": "Suncorp bank",
        "alias": "Australian_Banks",
        "meta": "@Australian_Banks",
        "userDefined": false
      },
      {
        "text": "?",
        "userDefined": false
      }
    ],
    "isTemplate": false,
    "count": 0,
    "updated": 0
  },
  {
    "id": "f02f447a-100c-4659-8a86-6e92540c8b62",
    "data": [
      {
        "text": "I want to know the best rate for ",
        "userDefined": false
      },
      {
        "text": "Interest Only",
        "alias": "Mortgage_types",
        "meta": "@Mortgage_types",
        "userDefined": false
      },
      {
        "text": " program",
        "userDefined": false
      }
    ],
    "isTemplate": false,
    "count": 0,
    "updated": 0
  },
  {
    "id": "df53f840-6d89-40b2-84b1-efb781fd6b41",
    "data": [
      {
        "text": "Tell me the best rate for ",
        "userDefined": false
      },
      {
        "text": "3",
        "alias": "year_fixed",
        "meta": "@year_fixed",
        "userDefined": false
      },
      {
        "text": " fixed year rate program",
        "userDefined": false
      }
    ],
    "isTemplate": false,
    "count": 0,
    "updated": 0
  },
  {
    "id": "e5fe3e18-b12a-4464-8648-29e5545e1064",
    "data": [
      {
        "text": "Best rate for ",
        "userDefined": false
      },
      {
        "text": "PI",
        "alias": "Mortgage_types",
        "meta": "@Mortgage_types",
        "userDefined": false
      },
      {
        "text": " mortgage",
        "userDefined": false
      }
    ],
    "isTemplate": false,
    "count": 0,
    "updated": 0
  },
  {
    "id": "e3eabe71-3ed2-4502-90d3-63bbbd514e2d",
    "data": [
      {
        "text": "Tell me the best rate for ",
        "userDefined": false
      },
      {
        "text": "IO",
        "alias": "Mortgage_types",
        "meta": "@Mortgage_types",
        "userDefined": false
      },
      {
        "text": " program from ",
        "userDefined": false
      },
      {
        "text": "CommBank",
        "alias": "Australian_Banks",
        "meta": "@Australian_Banks",
        "userDefined": false
      },
      {
        "text": "?",
        "userDefined": false
      }
    ],
    "isTemplate": false,
    "count": 0,
    "updated": 0
  },
  {
    "id": "fe2d721f-58c6-414a-8406-dd11a1de18a4",
    "data": [
      {
        "text": "Give me the best loan rate I can get with ",
        "userDefined": false
      },
      {
        "text": "CommBank",
        "alias": "Australian_Banks",
        "meta": "@Australian_Banks",
        "userDefined": false
      },
      {
        "text": "?",
        "userDefined": false
      }
    ],
    "isTemplate": false,
    "count": 0,
    "updated": 0
  },
  {
    "id": "4c188144-a052-47c3-88b1-fdd4836e1f9c",
    "data": [
      {
        "text": "Tell me the best ",
        "userDefined": false
      },
      {
        "text": "home",
        "meta": "@sys.ignore",
        "userDefined": true
      },
      {
        "text": " loan rate I can get at the moment for ",
        "userDefined": false
      },
      {
        "text": "2",
        "alias": "year_fixed",
        "meta": "@year_fixed",
        "userDefined": false
      },
      {
        "text": " fixed year program",
        "userDefined": false
      }
    ],
    "isTemplate": false,
    "count": 0,
    "updated": 0
  },
  {
    "id": "757518d3-f185-46bb-8c3a-d6995d1ca29c",
    "data": [
      {
        "text": "I have ",
        "userDefined": false
      },
      {
        "text": "100,000",
        "alias": "loan_amount",
        "meta": "@sys.number",
        "userDefined": true
      },
      {
        "text": ", what is the rate do I get?",
        "userDefined": false
      }
    ],
    "isTemplate": false,
    "count": 0,
    "updated": 0
  },
  {
    "id": "41e07a98-fff1-4e2c-865c-e472fb82b6d7",
    "data": [
      {
        "text": "What is the cheapest rate for ",
        "userDefined": false
      },
      {
        "text": "NAB",
        "alias": "Australian_Banks",
        "meta": "@Australian_Banks",
        "userDefined": false
      },
      {
        "text": "?",
        "userDefined": false
      }
    ],
    "isTemplate": false,
    "count": 0,
    "updated": 0
  },
  {
    "id": "6dfb7aae-1a2c-4333-b7f4-bec3a4a9b2b8",
    "data": [
      {
        "text": "What is the cheapest rate at the moment?",
        "userDefined": false
      }
    ],
    "isTemplate": false,
    "count": 0,
    "updated": 0
  },
  {
    "id": "bba97e92-7398-490b-895f-2bc0566b4154",
    "data": [
      {
        "text": "Show me the bank with the best rate for ",
        "userDefined": false
      },
      {
        "text": "30 years",
        "alias": "duration",
        "meta": "@sys.duration",
        "userDefined": true
      },
      {
        "text": " loan",
        "userDefined": false
      }
    ],
    "isTemplate": false,
    "count": 0,
    "updated": 0
  },
  {
    "id": "ba987910-19b1-471e-b9f6-69d1d06d4766",
    "data": [
      {
        "text": "Give me the best bank rate for money of ",
        "userDefined": false
      },
      {
        "text": "30000",
        "alias": "loan_amount",
        "meta": "@sys.number",
        "userDefined": false
      },
      {
        "text": " and loan of ",
        "userDefined": false
      },
      {
        "text": "20 years",
        "alias": "duration",
        "meta": "@sys.duration",
        "userDefined": false
      }
    ],
    "isTemplate": false,
    "count": 0,
    "updated": 0
  },
  {
    "id": "9ad18969-13f3-4550-9261-480d6802c92b",
    "data": [
      {
        "text": "Smallest possible rate for ",
        "userDefined": false
      },
      {
        "text": "48 months",
        "alias": "duration",
        "meta": "@sys.duration",
        "userDefined": true
      },
      {
        "text": " loan?",
        "userDefined": false
      }
    ],
    "isTemplate": false,
    "count": 0,
    "updated": 0
  },
  {
    "id": "8de2fb38-f0d9-4f0d-be3d-dd2e53b0a8a1",
    "data": [
      {
        "text": "I want to loan for ",
        "userDefined": false
      },
      {
        "text": "48 months",
        "alias": "duration",
        "meta": "@sys.duration",
        "userDefined": true
      },
      {
        "text": ", which bank has the best rate at the moment?",
        "userDefined": false
      }
    ],
    "isTemplate": false,
    "count": 0,
    "updated": 0
  },
  {
    "id": "f7bf6902-9a4c-4018-95b4-3d1857b67a5c",
    "data": [
      {
        "text": "What is the top current rate I can get at the moment?",
        "userDefined": false
      }
    ],
    "isTemplate": false,
    "count": 0,
    "updated": 0
  },
  {
    "id": "0bbcf86b-ac9d-4a03-868e-96eb31dfb02e",
    "data": [
      {
        "text": "Tell me the best rate for ",
        "userDefined": false
      },
      {
        "text": "variable rate",
        "alias": "year_fixed",
        "meta": "@year_fixed",
        "userDefined": true
      },
      {
        "text": ".",
        "userDefined": false
      }
    ],
    "isTemplate": false,
    "count": 0,
    "updated": 0
  },
  {
    "id": "e9dc0663-6b77-46e0-b482-b772bf74e6e8",
    "data": [
      {
        "text": "For a mortgage of ",
        "userDefined": false
      },
      {
        "text": "1000000",
        "alias": "loan_amount",
        "meta": "@sys.number",
        "userDefined": true
      },
      {
        "text": ", what is the best rate I can get?",
        "userDefined": false
      }
    ],
    "isTemplate": false,
    "count": 0,
    "updated": 0
  },
  {
    "id": "0cf97916-e369-4046-81fe-29a2085c23d2",
    "data": [
      {
        "text": "Which bank has the best rate at the moment?",
        "userDefined": false
      }
    ],
    "isTemplate": false,
    "count": 0,
    "updated": 0
  },
  {
    "id": "3d52f7cc-1052-461d-8e8a-9171b0aad0c5",
    "data": [
      {
        "text": "Tell me the best rate if I want to loan money for ",
        "userDefined": false
      },
      {
        "text": "120 months",
        "alias": "duration",
        "meta": "@sys.duration",
        "userDefined": false
      }
    ],
    "isTemplate": false,
    "count": 0,
    "updated": 0
  },
  {
    "id": "8a0cd6d8-ed2b-4a87-aa31-2e1bd8a936e1",
    "data": [
      {
        "text": "I have ",
        "userDefined": false
      },
      {
        "text": "50000",
        "alias": "loan_amount",
        "meta": "@sys.number",
        "userDefined": true
      },
      {
        "text": " and want to loan for ",
        "userDefined": false
      },
      {
        "text": "10 years,",
        "alias": "duration",
        "meta": "@sys.duration",
        "userDefined": true
      },
      {
        "text": " which mortgage should I take?",
        "userDefined": false
      }
    ],
    "isTemplate": false,
    "count": 0,
    "updated": 0
  },
  {
    "id": "6dfd1bcd-ab19-4a18-ab50-7b2d5588b503",
    "data": [
      {
        "text": "What\u0027s the ",
        "userDefined": false
      },
      {
        "text": "3",
        "alias": "loan_amount",
        "meta": "@sys.number",
        "userDefined": false
      },
      {
        "text": " best bank rate currently?",
        "userDefined": false
      }
    ],
    "isTemplate": false,
    "count": 0,
    "updated": 0
  },
  {
    "id": "6e270111-d61d-4a72-8276-43c96a6262b1",
    "data": [
      {
        "text": "What is the best bank rate if I want to loan ",
        "userDefined": false
      },
      {
        "text": "40000",
        "alias": "loan_amount",
        "meta": "@sys.number",
        "userDefined": true
      },
      {
        "text": " for ",
        "userDefined": false
      },
      {
        "text": "25 years",
        "alias": "duration",
        "meta": "@sys.duration",
        "userDefined": false
      }
    ],
    "isTemplate": false,
    "count": 0,
    "updated": 0
  },
  {
    "id": "0d341b23-8620-4dcc-9dab-45e50c8ac3b2",
    "data": [
      {
        "text": "Top home loan rate for ",
        "userDefined": false
      },
      {
        "text": "IO",
        "alias": "Mortgage_types",
        "meta": "@Mortgage_types",
        "userDefined": false
      },
      {
        "text": " program",
        "userDefined": false
      }
    ],
    "isTemplate": false,
    "count": 0,
    "updated": 0
  },
  {
    "id": "fe3d29ef-da9a-40ac-bb27-5da9fec8c49a",
    "data": [
      {
        "text": "Tell me the best bank rate for mortgage type of ",
        "userDefined": false
      },
      {
        "text": "Interest Only",
        "alias": "Mortgage_types",
        "meta": "@Mortgage_types",
        "userDefined": false
      }
    ],
    "isTemplate": false,
    "count": 0,
    "updated": 0
  },
  {
    "id": "124703b4-8a70-4114-9767-da78d2daa615",
    "data": [
      {
        "text": "What is the best rate from all bank if i want to gather a home loan of about ",
        "userDefined": false
      },
      {
        "text": "100000",
        "alias": "loan_amount",
        "meta": "@sys.number",
        "userDefined": true
      }
    ],
    "isTemplate": false,
    "count": 0,
    "updated": 0
  }
]