[
  {
    "id": "d88966c5-91b5-4f84-9377-797ac0582167",
    "data": [
      {
        "text": "What if I want to apply as an ",
        "userDefined": false
      },
      {
        "text": "owner",
        "alias": "ownership_status",
        "meta": "@ownership_status",
        "userDefined": false
      },
      {
        "text": " instead?",
        "userDefined": false
      }
    ],
    "isTemplate": false,
    "count": 0,
    "updated": 0
  },
  {
    "id": "ff25cb8c-345e-4726-8f55-d606b94a4139",
    "data": [
      {
        "text": "Compare this if the ",
        "userDefined": false
      },
      {
        "text": "ownership",
        "meta": "@sys.ignore",
        "userDefined": false
      },
      {
        "text": " type is ",
        "userDefined": false
      },
      {
        "text": "investor",
        "alias": "ownership_status",
        "meta": "@ownership_status",
        "userDefined": false
      },
      {
        "text": "?",
        "userDefined": false
      }
    ],
    "isTemplate": false,
    "count": 0,
    "updated": 0
  },
  {
    "id": "d2562b22-f37f-4ea4-baad-51aad7396ddb",
    "data": [
      {
        "text": "Compare this rate with ",
        "userDefined": false
      },
      {
        "text": "Westpac",
        "alias": "Australian_Banks",
        "meta": "@Australian_Banks",
        "userDefined": false
      },
      {
        "text": "?",
        "userDefined": false
      }
    ],
    "isTemplate": false,
    "count": 0,
    "updated": 0
  },
  {
    "id": "ca3ee693-aad5-4c64-927e-093927c6f733",
    "data": [
      {
        "text": "Compare the rate value for ",
        "userDefined": false
      },
      {
        "text": "IO",
        "alias": "Mortgage_types",
        "meta": "@Mortgage_types",
        "userDefined": false
      },
      {
        "text": " program?",
        "userDefined": false
      }
    ],
    "isTemplate": false,
    "count": 0,
    "updated": 0
  },
  {
    "id": "11604c0f-d422-4c68-a226-f8e5775b1f3b",
    "data": [
      {
        "text": "What rate can I get instead if I apply for the ",
        "userDefined": false
      },
      {
        "text": "IO",
        "alias": "Mortgage_types",
        "meta": "@Mortgage_types",
        "userDefined": false
      },
      {
        "text": " program?",
        "userDefined": false
      }
    ],
    "isTemplate": false,
    "count": 0,
    "updated": 0
  },
  {
    "id": "158e73be-4faa-44a7-9998-a1e8a54a64ab",
    "data": [
      {
        "text": "What rate can I get instead if I apply for ",
        "userDefined": false
      },
      {
        "text": "3",
        "alias": "year_fixed",
        "meta": "@sys.number",
        "userDefined": true
      },
      {
        "text": " fixed year rate",
        "userDefined": false
      }
    ],
    "isTemplate": false,
    "count": 1,
    "updated": 0
  },
  {
    "id": "68b40e9c-99ad-4380-b040-6d025fb51173",
    "data": [
      {
        "text": "Compare this value if I go to ",
        "userDefined": false
      },
      {
        "text": "CommBank",
        "alias": "Australian_Banks",
        "meta": "@Australian_Banks",
        "userDefined": false
      },
      {
        "text": "?",
        "userDefined": false
      }
    ],
    "isTemplate": false,
    "count": 0,
    "updated": 0
  },
  {
    "id": "99c00131-c55f-46b0-9c39-cc88722fefbb",
    "data": [
      {
        "text": "Please compare this rate if I use ",
        "userDefined": false
      },
      {
        "text": "ANZ bank",
        "alias": "Australian_Banks",
        "meta": "@Australian_Banks",
        "userDefined": false
      },
      {
        "text": "?",
        "userDefined": false
      }
    ],
    "isTemplate": false,
    "count": 0,
    "updated": 0
  }
]