[
  {
    "id": "42c6d379-f8bf-4051-9fe5-8f8a01563fa5",
    "data": [
      {
        "text": "Can you help me with home loan rate?",
        "userDefined": false
      }
    ],
    "isTemplate": false,
    "count": 0,
    "updated": 0
  },
  {
    "id": "d72f06ff-22bc-4020-839d-d0de7ef9f25a",
    "data": [
      {
        "text": "What can you help with",
        "userDefined": false
      }
    ],
    "isTemplate": false,
    "count": 0,
    "updated": 0
  },
  {
    "id": "3d6e5ed6-2dcf-45e2-be58-1a519824ce25",
    "data": [
      {
        "text": "What can you do?",
        "userDefined": false
      }
    ],
    "isTemplate": false,
    "count": 0,
    "updated": 0
  },
  {
    "id": "8b9c61d3-4a49-4b7c-8725-5c2c7c889a60",
    "data": [
      {
        "text": "what is it that you can do?",
        "userDefined": false
      }
    ],
    "isTemplate": false,
    "count": 0,
    "updated": 0
  },
  {
    "id": "4a4e5aab-e6dd-4f44-b8f4-b60cf7e709ea",
    "data": [
      {
        "text": "what is your capability?",
        "userDefined": false
      }
    ],
    "isTemplate": false,
    "count": 0,
    "updated": 0
  },
  {
    "id": "f05ea615-cb2a-489e-810e-49a7279fdb99",
    "data": [
      {
        "text": "What can you do for me",
        "userDefined": false
      }
    ],
    "isTemplate": false,
    "count": 0,
    "updated": 0
  },
  {
    "id": "4c3a7249-240c-42de-88b3-bc94a95446a2",
    "data": [
      {
        "text": "How can you help me",
        "userDefined": false
      }
    ],
    "isTemplate": false,
    "count": 0,
    "updated": 0
  },
  {
    "id": "925b3666-7f5f-4833-8fa6-128c49e7b053",
    "data": [
      {
        "text": "Tell me what can you do?",
        "userDefined": false
      }
    ],
    "isTemplate": false,
    "count": 0,
    "updated": 0
  },
  {
    "id": "1f177131-a781-4854-8522-d24d5f9677b4",
    "data": [
      {
        "text": "What do you do?",
        "userDefined": false
      }
    ],
    "isTemplate": false,
    "count": 0,
    "updated": 0
  }
]