[
  {
    "id": "357fbae4-8677-44b4-bab4-821d8326a468",
    "data": [
      {
        "text": "For ",
        "userDefined": false
      },
      {
        "text": "5 year fixed rate",
        "alias": "year_fixed",
        "meta": "@year_fixed",
        "userDefined": true
      },
      {
        "text": ", ",
        "userDefined": false
      },
      {
        "text": "ANZ",
        "alias": "Australian_Banks",
        "meta": "@Australian_Banks",
        "userDefined": false
      },
      {
        "text": " or ",
        "userDefined": false
      },
      {
        "text": "AMP",
        "alias": "Australian_Banks1",
        "meta": "@Australian_Banks",
        "userDefined": false
      },
      {
        "text": " gives a better rate?",
        "userDefined": false
      }
    ],
    "isTemplate": false,
    "count": 0,
    "updated": 0
  },
  {
    "id": "a665ddae-f6a9-416c-8640-0e2cefc18e52",
    "data": [
      {
        "text": "Which bank gives me better ",
        "userDefined": false
      },
      {
        "text": "IO",
        "alias": "Abv_description",
        "meta": "@Abv_description",
        "userDefined": false
      },
      {
        "text": " program for ",
        "userDefined": false
      },
      {
        "text": "investment",
        "alias": "ownership_status",
        "meta": "@ownership_status",
        "userDefined": false
      },
      {
        "text": "? Westbank or ",
        "userDefined": false
      },
      {
        "text": "Macquarie",
        "alias": "Australian_Banks1",
        "meta": "@Australian_Banks",
        "userDefined": false
      },
      {
        "text": "?",
        "userDefined": false
      }
    ],
    "isTemplate": false,
    "count": 0,
    "updated": 0
  },
  {
    "id": "ced65233-3ebe-48fd-b05f-e00077394827",
    "data": [
      {
        "text": "Difference between ",
        "userDefined": false
      },
      {
        "text": "ANZ",
        "alias": "Australian_Banks",
        "meta": "@Australian_Banks",
        "userDefined": false
      },
      {
        "text": " and ",
        "userDefined": false
      },
      {
        "text": "Commbank",
        "alias": "Australian_Banks1",
        "meta": "@Australian_Banks",
        "userDefined": false
      },
      {
        "text": " rate?",
        "userDefined": false
      }
    ],
    "isTemplate": false,
    "count": 0,
    "updated": 0
  },
  {
    "id": "0515f657-24b6-484d-814e-ea386c4c0520",
    "data": [
      {
        "text": "For repayment type of ",
        "userDefined": false
      },
      {
        "text": "I\u0026O",
        "alias": "Mortgage_types",
        "meta": "@Mortgage_types",
        "userDefined": false
      },
      {
        "text": ", compare the rate difference between ",
        "userDefined": false
      },
      {
        "text": "ANZ",
        "alias": "Australian_Banks",
        "meta": "@Australian_Banks",
        "userDefined": false
      },
      {
        "text": " and ",
        "userDefined": false
      },
      {
        "text": "CommBank",
        "alias": "Australian_Banks1",
        "meta": "@Australian_Banks",
        "userDefined": false
      },
      {
        "text": "?",
        "userDefined": false
      }
    ],
    "isTemplate": false,
    "count": 0,
    "updated": 0
  },
  {
    "id": "ba0aef68-db9e-496c-b254-2545d47bfa43",
    "data": [
      {
        "text": "With ",
        "userDefined": false
      },
      {
        "text": "Interest Only",
        "alias": "Mortgage_types",
        "meta": "@Mortgage_types",
        "userDefined": false
      },
      {
        "text": " type and ",
        "userDefined": false
      },
      {
        "text": "3 year fixed rate",
        "alias": "year_fixed",
        "meta": "@year_fixed",
        "userDefined": true
      },
      {
        "text": ", which bank can give me the better rate, ",
        "userDefined": false
      },
      {
        "text": "SunCorp",
        "alias": "Australian_Banks",
        "meta": "@Australian_Banks",
        "userDefined": false
      },
      {
        "text": " or ",
        "userDefined": false
      },
      {
        "text": "St. George",
        "alias": "Australian_Banks1",
        "meta": "@Australian_Banks",
        "userDefined": false
      }
    ],
    "isTemplate": false,
    "count": 0,
    "updated": 0
  },
  {
    "id": "48f0399c-b9d3-495b-9817-76469fc337af",
    "data": [
      {
        "text": "Compare the rate between ",
        "userDefined": false
      },
      {
        "text": "CommBank",
        "alias": "Australian_Banks",
        "meta": "@Australian_Banks",
        "userDefined": false
      },
      {
        "text": " and ",
        "userDefined": false
      },
      {
        "text": "ANZ",
        "alias": "Australian_Banks1",
        "meta": "@Australian_Banks",
        "userDefined": false
      },
      {
        "text": "?",
        "userDefined": false
      }
    ],
    "isTemplate": false,
    "count": 0,
    "updated": 0
  },
  {
    "id": "338e1e38-c621-41e0-a348-a8aeb52e65d3",
    "data": [
      {
        "text": "Which one of ",
        "userDefined": false
      },
      {
        "text": "CommBank",
        "alias": "Australian_Banks",
        "meta": "@Australian_Banks",
        "userDefined": false
      },
      {
        "text": " and ",
        "userDefined": false
      },
      {
        "text": "ANZ",
        "alias": "Australian_Banks1",
        "meta": "@Australian_Banks",
        "userDefined": false
      },
      {
        "text": " can give me better rate?",
        "userDefined": false
      }
    ],
    "isTemplate": false,
    "count": 0,
    "updated": 0
  },
  {
    "id": "ffa66f8c-7290-4032-bce7-2feb46bd1060",
    "data": [
      {
        "text": "What is the comparison of rate between ",
        "userDefined": false
      },
      {
        "text": "SunCorp",
        "alias": "Australian_Banks",
        "meta": "@Australian_Banks",
        "userDefined": false
      },
      {
        "text": " and ",
        "userDefined": false
      },
      {
        "text": "Bendigo",
        "alias": "Australian_Banks1",
        "meta": "@Australian_Banks",
        "userDefined": false
      },
      {
        "text": "?",
        "userDefined": false
      }
    ],
    "isTemplate": false,
    "count": 0,
    "updated": 0
  },
  {
    "id": "390a0aed-c45d-4cf5-b69f-8adac24b1dd1",
    "data": [
      {
        "text": "Please compare ",
        "userDefined": false
      },
      {
        "text": "NAB",
        "alias": "Australian_Banks",
        "meta": "@Australian_Banks",
        "userDefined": false
      },
      {
        "text": " with ",
        "userDefined": false
      },
      {
        "text": "AMP",
        "alias": "Australian_Banks1",
        "meta": "@Australian_Banks",
        "userDefined": false
      },
      {
        "text": " rate",
        "userDefined": false
      }
    ],
    "isTemplate": false,
    "count": 0,
    "updated": 0
  },
  {
    "id": "eba57f39-a01a-452d-9f2c-f55e8f05c60d",
    "data": [
      {
        "text": "For ",
        "userDefined": false
      },
      {
        "text": "3 year fixed rate",
        "alias": "year_fixed",
        "meta": "@year_fixed",
        "userDefined": true
      },
      {
        "text": ", who can give me better rate, ",
        "userDefined": false
      },
      {
        "text": "ANZ",
        "alias": "Australian_Banks",
        "meta": "@Australian_Banks",
        "userDefined": false
      },
      {
        "text": " or ",
        "userDefined": false
      },
      {
        "text": "CommBank",
        "alias": "Australian_Banks1",
        "meta": "@Australian_Banks",
        "userDefined": false
      },
      {
        "text": "?",
        "userDefined": false
      }
    ],
    "isTemplate": false,
    "count": 0,
    "updated": 0
  },
  {
    "id": "243e7510-b356-4c89-b1f6-3f36e6d05541",
    "data": [
      {
        "text": "Compare the rate difference between ",
        "userDefined": false
      },
      {
        "text": "NAB",
        "alias": "Australian_Banks",
        "meta": "@Australian_Banks",
        "userDefined": false
      },
      {
        "text": " and ",
        "userDefined": false
      },
      {
        "text": "AMP",
        "alias": "Australian_Banks1",
        "meta": "@Australian_Banks",
        "userDefined": false
      },
      {
        "text": "?",
        "userDefined": false
      }
    ],
    "isTemplate": false,
    "count": 0,
    "updated": 0
  },
  {
    "id": "934f3a84-c458-439d-a7db-d18e43612ca7",
    "data": [
      {
        "text": "Between ",
        "userDefined": false
      },
      {
        "text": "ANZ",
        "alias": "Australian_Banks",
        "meta": "@Australian_Banks",
        "userDefined": false
      },
      {
        "text": " and ",
        "userDefined": false
      },
      {
        "text": "Commbank",
        "alias": "Australian_Banks1",
        "meta": "@Australian_Banks",
        "userDefined": false
      },
      {
        "text": ", which one gives the best ",
        "userDefined": false
      },
      {
        "text": "IO",
        "alias": "Mortgage_types",
        "meta": "@Mortgage_types",
        "userDefined": false
      },
      {
        "text": " rate?",
        "userDefined": false
      }
    ],
    "isTemplate": false,
    "count": 0,
    "updated": 0
  },
  {
    "id": "78ad7ca7-c698-40e3-b547-1cd2b097b436",
    "data": [
      {
        "text": "For repayment type of ",
        "userDefined": false
      },
      {
        "text": "P\u0026I",
        "alias": "Mortgage_types",
        "meta": "@Mortgage_types",
        "userDefined": false
      },
      {
        "text": ", which bank can give me better rate, ",
        "userDefined": false
      },
      {
        "text": "CommBank",
        "alias": "Australian_Banks",
        "meta": "@Australian_Banks",
        "userDefined": false
      },
      {
        "text": " or ",
        "userDefined": false
      },
      {
        "text": "Westpac",
        "alias": "Australian_Banks1",
        "meta": "@Australian_Banks",
        "userDefined": false
      },
      {
        "text": "?",
        "userDefined": false
      }
    ],
    "isTemplate": false,
    "count": 0,
    "updated": 0
  }
]