[
  {
    "id": "a1ec6e0d-79cd-4125-9f4f-69de677738c5",
    "data": [
      {
        "text": "You have been mentioning ",
        "userDefined": false
      },
      {
        "text": "PI",
        "alias": "Abv_description",
        "meta": "@Abv_description",
        "userDefined": false
      },
      {
        "text": ", what does that mean?",
        "userDefined": false
      }
    ],
    "isTemplate": false,
    "count": 0,
    "updated": 0
  },
  {
    "id": "70ca5d93-7473-4db8-b364-806e54d66247",
    "data": [
      {
        "text": "What is ",
        "userDefined": false
      },
      {
        "text": "P\u0026I",
        "alias": "Abv_description",
        "meta": "@Abv_description",
        "userDefined": false
      },
      {
        "text": "?",
        "userDefined": false
      }
    ],
    "isTemplate": false,
    "count": 0,
    "updated": 0
  },
  {
    "id": "e4c9562c-74c1-4ad3-87c9-6347d8dbab78",
    "data": [
      {
        "text": "PI",
        "alias": "Abv_description",
        "meta": "@Abv_description",
        "userDefined": false
      },
      {
        "text": " is?",
        "userDefined": false
      }
    ],
    "isTemplate": false,
    "count": 0,
    "updated": 0
  },
  {
    "id": "4fcedaa8-cc1f-4164-a6f8-b3d3c72f2972",
    "data": [
      {
        "text": "More about ",
        "userDefined": false
      },
      {
        "text": "IO",
        "alias": "Abv_description",
        "meta": "@Abv_description",
        "userDefined": false
      }
    ],
    "isTemplate": false,
    "count": 0,
    "updated": 0
  },
  {
    "id": "a8333f98-847b-4005-b6f9-534dc2d5a17f",
    "data": [
      {
        "text": "Define ",
        "userDefined": false
      },
      {
        "text": "PI",
        "alias": "Abv_description",
        "meta": "@Abv_description",
        "userDefined": false
      }
    ],
    "isTemplate": false,
    "count": 0,
    "updated": 0
  },
  {
    "id": "a62832d3-1b16-485b-8832-22d9915ba7fa",
    "data": [
      {
        "text": "I don\u0027t understand ",
        "userDefined": false
      },
      {
        "text": "I.",
        "alias": "Abv_description",
        "meta": "@Abv_description",
        "userDefined": true
      }
    ],
    "isTemplate": false,
    "count": 0,
    "updated": 0
  },
  {
    "id": "215b478c-a003-4eb8-8963-18f2364af2ad",
    "data": [
      {
        "text": "What does ",
        "userDefined": false
      },
      {
        "text": "OO",
        "alias": "Abv_description",
        "meta": "@Abv_description",
        "userDefined": false
      },
      {
        "text": " mean?",
        "userDefined": false
      }
    ],
    "isTemplate": false,
    "count": 0,
    "updated": 0
  },
  {
    "id": "fb9450a9-700f-443b-a66c-803b2c431d72",
    "data": [
      {
        "text": "Tell me about ",
        "userDefined": false
      },
      {
        "text": "P\u0026I",
        "alias": "Abv_description",
        "meta": "@Abv_description",
        "userDefined": true
      },
      {
        "text": ".",
        "userDefined": false
      }
    ],
    "isTemplate": false,
    "count": 0,
    "updated": 0
  },
  {
    "id": "b5a17500-d1ff-40be-9b4d-05eb5c0be5d2",
    "data": [
      {
        "text": "Please explain me about ",
        "userDefined": false
      },
      {
        "text": "IO",
        "alias": "Abv_description",
        "meta": "@Abv_description",
        "userDefined": true
      },
      {
        "text": ".",
        "userDefined": false
      }
    ],
    "isTemplate": false,
    "count": 0,
    "updated": 0
  },
  {
    "id": "a915c4bf-b2bb-48ee-a702-46b6cb280007",
    "data": [
      {
        "text": "LVR",
        "alias": "Abv_description",
        "meta": "@Abv_description",
        "userDefined": false
      }
    ],
    "isTemplate": false,
    "count": 0,
    "updated": 0
  },
  {
    "id": "e5ed25fe-3ba9-49f7-82d4-ac33ef66d0e9",
    "data": [
      {
        "text": "What is ",
        "userDefined": false
      },
      {
        "text": "IO",
        "alias": "Abv_description",
        "meta": "@Abv_description",
        "userDefined": true
      },
      {
        "text": "?",
        "userDefined": false
      }
    ],
    "isTemplate": false,
    "count": 0,
    "updated": 0
  }
]