[
  {
    "id": "226359bd-c271-4ea4-b641-ca6b8a14be40",
    "data": [
      {
        "text": "What if i want to apply for ",
        "userDefined": false
      },
      {
        "text": "ownership",
        "alias": "ownership_status",
        "meta": "@ownership_status",
        "userDefined": false
      },
      {
        "text": " program instead?",
        "userDefined": false
      }
    ],
    "isTemplate": false,
    "count": 0,
    "updated": 0
  },
  {
    "id": "ea756324-624b-4db8-a8c7-0ef0c0175260",
    "data": [
      {
        "text": "Please change that to ",
        "userDefined": false
      },
      {
        "text": "Westbank",
        "alias": "Australian_Banks",
        "meta": "@Australian_Banks",
        "userDefined": true
      }
    ],
    "isTemplate": false,
    "count": 0,
    "updated": 0
  },
  {
    "id": "e97f58e3-ebae-41d3-952a-4506e4b42293",
    "data": [
      {
        "text": "What about ",
        "userDefined": false
      },
      {
        "text": "ANZ",
        "alias": "Australian_Banks",
        "meta": "@Australian_Banks",
        "userDefined": false
      },
      {
        "text": "?",
        "userDefined": false
      }
    ],
    "isTemplate": false,
    "count": 0,
    "updated": 0
  },
  {
    "id": "1cb27ebf-659f-4fa2-9879-c1add120bc12",
    "data": [
      {
        "text": "Can you change that to the ",
        "userDefined": false
      },
      {
        "text": "PI",
        "alias": "Mortgage_types",
        "meta": "@Mortgage_types",
        "userDefined": false
      },
      {
        "text": " program please?",
        "userDefined": false
      }
    ],
    "isTemplate": false,
    "count": 0,
    "updated": 0
  },
  {
    "id": "6657fd98-f094-48d6-b2d1-22027202f3c7",
    "data": [
      {
        "text": "What about ",
        "userDefined": false
      },
      {
        "text": "IO",
        "alias": "Mortgage_types",
        "meta": "@Mortgage_types",
        "userDefined": false
      },
      {
        "text": " program?",
        "userDefined": false
      }
    ],
    "isTemplate": false,
    "count": 0,
    "updated": 0
  },
  {
    "id": "819302d4-b165-420c-95aa-671f2d6afc11",
    "data": [
      {
        "text": "Instead, tell me the rate for ",
        "userDefined": false
      },
      {
        "text": "commbank",
        "alias": "Australian_Banks",
        "meta": "@Australian_Banks",
        "userDefined": false
      },
      {
        "text": "?",
        "userDefined": false
      }
    ],
    "isTemplate": false,
    "count": 1,
    "updated": 0
  },
  {
    "id": "b3ca7c7e-7108-418f-b7fb-85a433eb5c7f",
    "data": [
      {
        "text": "What if I am applying for the ",
        "userDefined": false
      },
      {
        "text": "PI",
        "alias": "Mortgage_types",
        "meta": "@Mortgage_types",
        "userDefined": false
      },
      {
        "text": " program?",
        "userDefined": false
      }
    ],
    "isTemplate": false,
    "count": 0,
    "updated": 0
  },
  {
    "id": "f7686fa6-3156-45a9-8ae1-0c706afe3618",
    "data": [
      {
        "text": "How about ",
        "userDefined": false
      },
      {
        "text": "Westpac",
        "alias": "Australian_Banks",
        "meta": "@Australian_Banks",
        "userDefined": false
      },
      {
        "text": "?",
        "userDefined": false
      }
    ],
    "isTemplate": false,
    "count": 0,
    "updated": 0
  },
  {
    "id": "9c4a2282-40ea-4089-b7b2-5123cc09c16b",
    "data": [
      {
        "text": "What about the rate for ",
        "userDefined": false
      },
      {
        "text": "Suncorp",
        "alias": "Australian_Banks",
        "meta": "@Australian_Banks",
        "userDefined": false
      },
      {
        "text": "?",
        "userDefined": false
      }
    ],
    "isTemplate": false,
    "count": 0,
    "updated": 0
  },
  {
    "id": "e48e947d-3576-4858-bd0c-4039a0bbb909",
    "data": [
      {
        "text": "How about the rate for ",
        "userDefined": false
      },
      {
        "text": "2",
        "alias": "year_fixed",
        "meta": "@sys.number",
        "userDefined": true
      },
      {
        "text": " fixed year program?",
        "userDefined": false
      }
    ],
    "isTemplate": false,
    "count": 0,
    "updated": 0
  },
  {
    "id": "b5a72b3b-6b05-4c3b-ad75-25a86524d7fd",
    "data": [
      {
        "text": "What is the rate if I go to ",
        "userDefined": false
      },
      {
        "text": "CommBank",
        "alias": "Australian_Banks",
        "meta": "@Australian_Banks",
        "userDefined": false
      },
      {
        "text": "?",
        "userDefined": false
      }
    ],
    "isTemplate": false,
    "count": 0,
    "updated": 0
  },
  {
    "id": "9b164dc7-143e-4dd4-8351-806f7de62910",
    "data": [
      {
        "text": "What about the rate if I use ",
        "userDefined": false
      },
      {
        "text": "ANZ",
        "alias": "Australian_Banks",
        "meta": "@Australian_Banks",
        "userDefined": false
      },
      {
        "text": " instead?",
        "userDefined": false
      }
    ],
    "isTemplate": false,
    "count": 0,
    "updated": 0
  },
  {
    "id": "f12f4322-c49b-4259-8184-c0f60f6d9b5a",
    "data": [
      {
        "text": "Tell me the rate for ",
        "userDefined": false
      },
      {
        "text": "1",
        "alias": "year_fixed",
        "meta": "@sys.number",
        "userDefined": true
      },
      {
        "text": " fixed program instead?",
        "userDefined": false
      }
    ],
    "isTemplate": false,
    "count": 0,
    "updated": 0
  },
  {
    "id": "516bb2be-6035-43b9-b655-3b0c3407c2fe",
    "data": [
      {
        "text": "What is the rate for ",
        "userDefined": false
      },
      {
        "text": "Interest Only",
        "alias": "Mortgage_types",
        "meta": "@Mortgage_types",
        "userDefined": false
      },
      {
        "text": " program instead?",
        "userDefined": false
      }
    ],
    "isTemplate": false,
    "count": 0,
    "updated": 0
  },
  {
    "id": "a9d3b9e5-d4db-45e2-b99e-1d25e6effa0d",
    "data": [
      {
        "text": "What about the rate if I apply for the ",
        "userDefined": false
      },
      {
        "text": "IO",
        "alias": "Mortgage_types",
        "meta": "@Mortgage_types",
        "userDefined": false
      },
      {
        "text": " program instead?",
        "userDefined": false
      }
    ],
    "isTemplate": false,
    "count": 0,
    "updated": 0
  },
  {
    "id": "47becdff-4066-4774-8408-dcc7b7129976",
    "data": [
      {
        "text": "What about the rate for ",
        "userDefined": false
      },
      {
        "text": "2",
        "alias": "year_fixed",
        "meta": "@sys.number",
        "userDefined": true
      },
      {
        "text": " fixed year program",
        "userDefined": false
      }
    ],
    "isTemplate": false,
    "count": 0,
    "updated": 0
  },
  {
    "id": "d244b470-1a73-49b4-9b18-7e7dba1fc12b",
    "data": [
      {
        "text": "What is the rate if I go to ",
        "userDefined": false
      },
      {
        "text": "CommBank",
        "alias": "Australian_Banks",
        "meta": "@Australian_Banks",
        "userDefined": false
      },
      {
        "text": " instead?",
        "userDefined": false
      }
    ],
    "isTemplate": false,
    "count": 0,
    "updated": 0
  },
  {
    "id": "b0f8eb65-2da9-4fa0-a4cb-8aa6d8f4c691",
    "data": [
      {
        "text": "For the same amount and same year, tell me the rate for ",
        "userDefined": false
      },
      {
        "text": "St. George",
        "alias": "Australian_Banks",
        "meta": "@Australian_Banks",
        "userDefined": true
      }
    ],
    "isTemplate": false,
    "count": 0,
    "updated": 0
  }
]