[
  {
    "id": "9a16070d-8173-4a31-affe-0dfc682a1a40",
    "data": [
      {
        "text": "Can you tell me the version of the information?",
        "userDefined": false
      }
    ],
    "isTemplate": false,
    "count": 0,
    "updated": 0
  },
  {
    "id": "e6222515-7d21-451c-9556-0147560e57a3",
    "data": [
      {
        "text": "When is the info gets updated?",
        "userDefined": false
      }
    ],
    "isTemplate": false,
    "count": 0,
    "updated": 0
  },
  {
    "id": "573c9d08-e876-4138-ba97-6d97c7792218",
    "data": [
      {
        "text": "Can you tell me when the information updated?",
        "userDefined": false
      }
    ],
    "isTemplate": false,
    "count": 0,
    "updated": 0
  },
  {
    "id": "a8a42a95-13d9-458a-9e67-bbda65d345b0",
    "data": [
      {
        "text": "Please tell me the date of the info",
        "userDefined": false
      }
    ],
    "isTemplate": false,
    "count": 0,
    "updated": 0
  },
  {
    "id": "516edc69-b4fe-42b9-8596-e671eb92a74f",
    "data": [
      {
        "text": "Show me the version of the info",
        "userDefined": false
      }
    ],
    "isTemplate": false,
    "count": 0,
    "updated": 0
  },
  {
    "id": "35d3d43b-322b-428b-b10f-fdc9f074a543",
    "data": [
      {
        "text": "Last renewed?",
        "userDefined": false
      }
    ],
    "isTemplate": false,
    "count": 0,
    "updated": 0
  },
  {
    "id": "e16cd779-4d36-4bf2-8576-ac7b56475724",
    "data": [
      {
        "text": "Last time updated?",
        "userDefined": false
      }
    ],
    "isTemplate": false,
    "count": 0,
    "updated": 0
  },
  {
    "id": "76574549-c2c0-4965-863c-27127aaa68b1",
    "data": [
      {
        "text": "What date the info get renewed?",
        "userDefined": false
      }
    ],
    "isTemplate": false,
    "count": 0,
    "updated": 0
  },
  {
    "id": "69b54125-cce5-437b-b8b7-9f1a966e87f9",
    "data": [
      {
        "text": "What version is the info?",
        "userDefined": false
      }
    ],
    "isTemplate": false,
    "count": 0,
    "updated": 0
  },
  {
    "id": "393fc194-9add-4fee-8af9-db4515509264",
    "data": [
      {
        "text": "When is the info updated?",
        "userDefined": false
      }
    ],
    "isTemplate": false,
    "count": 0,
    "updated": 0
  },
  {
    "id": "9fc41b62-a8cc-4548-b292-bc4f11675f37",
    "data": [
      {
        "text": "Info last updated?",
        "userDefined": false
      }
    ],
    "isTemplate": false,
    "count": 0,
    "updated": 0
  },
  {
    "id": "1639733e-f176-4205-8fc3-da2ed4e6a7cc",
    "data": [
      {
        "text": "When is the last update?",
        "userDefined": false
      }
    ],
    "isTemplate": false,
    "count": 0,
    "updated": 0
  }
]