[
  {
    "id": "509e9d57-4922-44d5-a6eb-a72b17c18321",
    "data": [
      {
        "text": "Which Bank can I get more information about?",
        "userDefined": false
      }
    ],
    "isTemplate": false,
    "count": 0,
    "updated": 0
  },
  {
    "id": "2437fe1b-e6d3-47c7-a83e-c05ff5dc5715",
    "data": [
      {
        "text": "Which banks are available to be compared?",
        "userDefined": false
      }
    ],
    "isTemplate": false,
    "count": 0,
    "updated": 0
  },
  {
    "id": "ab4493ba-b252-41c9-aca1-09d11fed6c5e",
    "data": [
      {
        "text": "What banks can be asked?",
        "userDefined": false
      }
    ],
    "isTemplate": false,
    "count": 0,
    "updated": 0
  },
  {
    "id": "87d181de-d56c-4895-86f1-006022d59844",
    "data": [
      {
        "text": "Which banks are available in the database?",
        "userDefined": false
      }
    ],
    "isTemplate": false,
    "count": 0,
    "updated": 0
  },
  {
    "id": "9d6279ad-6a55-4217-a607-381895e304c1",
    "data": [
      {
        "text": "How many banks in the dataset?",
        "userDefined": false
      }
    ],
    "isTemplate": false,
    "count": 0,
    "updated": 0
  },
  {
    "id": "565827ba-d9f8-44a1-9ae1-cfef946cc893",
    "data": [
      {
        "text": "How many banks in the database?",
        "userDefined": false
      }
    ],
    "isTemplate": false,
    "count": 0,
    "updated": 0
  },
  {
    "id": "32dacab2-579d-4d84-b8d3-cc9b777014e9",
    "data": [
      {
        "text": "How many banks that you can show me?",
        "userDefined": false
      }
    ],
    "isTemplate": false,
    "count": 0,
    "updated": 0
  },
  {
    "id": "677bbdc2-547d-46ce-be0a-9eb1af4bd34a",
    "data": [
      {
        "text": "Available banks.",
        "userDefined": false
      }
    ],
    "isTemplate": false,
    "count": 0,
    "updated": 0
  },
  {
    "id": "82cd0aa9-e214-4d62-8265-fd10b2c9a947",
    "data": [
      {
        "text": "Tell me about the banks.",
        "userDefined": false
      }
    ],
    "isTemplate": false,
    "count": 0,
    "updated": 0
  },
  {
    "id": "2ba4b3ed-3f8d-411e-bf6d-08f6df6db0c3",
    "data": [
      {
        "text": "Show me all the banks.",
        "userDefined": false
      }
    ],
    "isTemplate": false,
    "count": 0,
    "updated": 0
  },
  {
    "id": "0c79797b-9f05-4091-8f62-d7922864e203",
    "data": [
      {
        "text": "Which banks are in the database?",
        "userDefined": false
      }
    ],
    "isTemplate": false,
    "count": 0,
    "updated": 0
  },
  {
    "id": "31b2b8db-bae4-4105-8562-397aef090a93",
    "data": [
      {
        "text": "How many banks?",
        "userDefined": false
      }
    ],
    "isTemplate": false,
    "count": 0,
    "updated": 0
  },
  {
    "id": "f5da0a2e-c16d-4ae2-99eb-b47af3b53700",
    "data": [
      {
        "text": "Which banks that you can show me?",
        "userDefined": false
      }
    ],
    "isTemplate": false,
    "count": 0,
    "updated": 0
  },
  {
    "id": "2c61b8ae-c498-4432-94a2-121d2990c429",
    "data": [
      {
        "text": "How many banks are there?",
        "userDefined": false
      }
    ],
    "isTemplate": false,
    "count": 0,
    "updated": 0
  },
  {
    "id": "12d789ca-971a-4f8a-b074-cbdfb41912de",
    "data": [
      {
        "text": "List all the banks.",
        "userDefined": false
      }
    ],
    "isTemplate": false,
    "count": 0,
    "updated": 0
  },
  {
    "id": "9cf4a548-3cdf-485d-8e18-9c9d20c00631",
    "data": [
      {
        "text": "Tell me which banks are available.",
        "userDefined": false
      }
    ],
    "isTemplate": false,
    "count": 0,
    "updated": 0
  },
  {
    "id": "e3030982-fb89-42e4-a232-685c19278449",
    "data": [
      {
        "text": "Which banks are available?",
        "userDefined": false
      }
    ],
    "isTemplate": false,
    "count": 0,
    "updated": 0
  },
  {
    "id": "f5299ccb-0159-4545-ba5e-4ae043ec2523",
    "data": [
      {
        "text": "Show me the list of banks.",
        "userDefined": false
      }
    ],
    "isTemplate": false,
    "count": 0,
    "updated": 0
  }
]